"Scenario","Tillman","Burbank","Glendale","Avg_Q_cfs","Med_Q_cfs","dry_season","wet_season","spring"
1,66.1645201,96.409345,76.20372127,51.33,52.92,48.84212404,54.68421228,49.88919406
2,63.56161491,47.24531216,32.71114295,38.29,39.17,37.2535616,39.79031956,37.58140751
3,74.46897451,52.22974946,31.30711869,43.37,44.29,42.35048652,44.8866749,42.63778236
4,2.053500479,20.34388715,67.25831293,14.36,15.37,12.57703908,16.55309744,13.4544646
5,64.60732126,53.1307796,97.20674523,50.44,52.26,47.80821103,53.88108166,48.921845
6,29.72173854,85.64449297,48.24376709,29.23,30.21,27.41734684,31.65144269,28.23858642
7,44.36570457,91.69538384,84.33496663,42.57,44.15,39.86943946,46.10238488,41.08357702
8,15.55980945,63.4796974,77.03565373,25.92,27.2,23.56331903,28.90609233,24.68837592
9,47.54595787,45.81253577,62.61768956,36.17,37.39,34.39098449,38.524922,35.13411438
10,67.63567976,98.10868585,60.61800739,49.44,50.82,47.31694678,52.36398532,48.18053526
11,87.01231889,37.71857093,24.27582038,46.48,47.35,45.78434454,47.61817938,45.87244333
12,59.12782711,44.51756331,6.7642977,31.57,32.05,31.17306309,32.29024717,31.20001306
13,69.27322517,47.17844399,46.18174657,43.17,44.27,41.82569105,45.06023296,42.28900208
14,8.006418473,88.65880775,19.2767581,14.77,15.22,13.57123655,16.38804747,14.15319604
15,50.51861119,62.99704728,88.01569857,43.42,45.04,40.88937058,46.71367465,41.99611076
16,50.79577586,31.22254224,74.64519406,38.42,39.8,36.47807576,40.94223108,37.2864797
17,57.41872007,30.92264014,62.83792795,39.31,40.56,37.67387534,41.48895076,38.31328932
18,41.2516562,37.17792388,12.10318967,23.85,24.3,23.33883897,24.6349491,23.4718749
19,58.59862987,38.07485497,74.11141901,42.42,43.85,40.45748095,45.01348639,41.25680043
20,30.15655451,24.83555328,13.98927686,18.11,18.51,17.64040033,18.81241348,17.78836951
21,67.33561044,31.57244578,35.33959365,39.04,39.96,38.08887524,40.43416337,38.3636656
22,42.93603927,66.6310613,66.01446697,36.54,37.81,34.48949028,39.24179156,35.38305375
23,53.09596176,42.10983603,48.1118304,35.82,36.85,34.42948987,37.70440538,34.96128198
24,30.39075707,43.84205618,69.32546902,29.48,30.7,27.5148878,32.0084045,28.40074683
25,89.68941029,41.53357169,92.20204875,59.77,61.64,57.4185864,62.92372661,58.31726961
26,98.99808383,73.56486772,26.80235796,55.45,56.48,54.42236301,57.09325584,54.64669601
27,30.60626134,74.13543623,65.23244523,31.55,32.76,29.4263368,34.32282097,30.39500656
28,91.63695106,86.63105848,30.18709773,53.9,54.96,52.66082698,55.79778991,53.01313075
29,53.82715531,6.095138984,24.46574967,28.86,29.51,28.35151146,29.63364951,28.44276038
30,51.61307277,69.85762897,39.85146917,36.18,37.13,34.75194102,38.16121489,35.31314694
31,49.37842402,49.30954787,37.84011088,33.01,33.89,31.80218238,34.68978346,32.25921218
32,50.55414657,65.56580942,5.994304456,29.46,29.92,28.88558236,30.41526016,29.03117389
33,60.19354821,13.50429233,74.73626598,41.07,42.48,39.30164425,43.38339249,39.99444431
34,30.31861323,98.53498691,51.95735893,31.28,32.34,29.27110152,33.9644904,30.19012599
35,62.98425698,36.4520513,56.90438803,41.26,42.47,39.73598323,43.33541893,40.30590087
36,76.61500545,63.36252626,15.28684995,42.54,43.27,41.81918035,43.72875164,41.95619458
37,60.43037013,52.53574934,1.257103006,31.91,32.33,31.57997307,32.56612713,31.57119094
38,38.93623054,71.13600823,99.76694835,40.99,42.73,38.08136006,44.72517426,39.41140623
39,0.443842006,8.943449194,5.520996032,1.95,2.04,1.738394256,2.213034554,1.841014743
40,82.77869732,27.93896771,13.48751422,41.85,42.53,41.48889422,42.5616086,41.42415477
41,40.95033084,83.22694625,40.65096241,32.73,33.65,31.1439263,34.89701004,31.81760528
42,95.58516927,11.75432529,50.66797035,52.59,53.84,51.49700226,54.17563634,51.74870842
43,86.60661075,80.73250884,12.41172606,48.05,48.82,47.27612512,49.36320532,47.41304791
44,12.25073165,3.879162483,67.00609715,17.42,18.45,15.80944688,19.4085078,16.56932401
45,45.11284418,76.81657067,87.37351026,42.11,43.72,39.46763703,45.5549493,40.64971811
46,33.44442674,19.33739567,26.864425,21.33,21.92,20.59862895,22.33190183,20.86144527
47,32.85613544,81.44145077,37.78614521,28.45,29.29,26.93240999,30.51804859,27.59822537
48,95.48201158,46.19786819,17.31428402,49.81,50.65,49.23591619,50.8525252,49.24305114
49,75.2703571,0.471356418,96.10671292,50.36,52.14,48.22693802,53.1353458,49.05303717
50,60.60335857,32.85476381,48.8495525,38.48,39.56,37.17631444,40.28132995,37.64502283
51,63.78515796,93.30204406,4.354023351,37.55,38.1,36.81367618,38.79023838,37.00549886
52,20.07137972,86.1959001,75.77436878,29.73,31.05,27.22321027,32.95271612,28.41358328
53,71.14284611,82.73517233,53.18884631,48.37,49.63,46.5570751,50.88641103,47.25081734
54,56.20637944,95.03912677,43.83456877,41.15,42.22,39.42759887,43.55183998,40.12670205
55,79.71460416,35.66450367,31.56104325,44.29,45.23,43.42254585,45.61932593,43.61858421
56,66.44958493,6.054210663,36.92148998,36.66,37.56,35.8836539,37.79242332,36.06951908
57,4.901719908,46.25104251,39.72217063,13.16,13.83,11.82768054,14.86756307,12.47987425
58,71.25993178,84.94403944,13.86199857,41.81,42.52,40.92483611,43.21478092,41.16158246
59,41.82315946,65.43591006,52.13067303,33.53,34.6,31.82375326,35.81861458,32.55219239
60,46.85128436,85.99596394,74.46700851,41.47,42.91,39.06072321,44.64749562,40.12261071
61,77.18377002,22.53147275,4.824957415,37.37,37.89,37.24775864,37.76509049,37.08016094
62,73.97381833,14.95264939,49.16606722,42.94,44.06,41.80609641,44.52659999,42.14443856
63,45.14533724,71.24711366,72.20031803,39.01,40.39,36.77491933,41.94389463,37.75270393
64,32.97064228,99.61662078,93.63246216,39.78,41.44,36.76254392,43.68000571,38.16916816
65,66.64910126,6.454362581,28.78248314,35.38,36.16,34.79231666,36.27739654,34.88262026
66,57.88899595,17.11516236,20.69796303,31,31.64,30.49935531,31.79698924,30.57704034
67,86.63062626,38.47259313,41.41786858,49.34,50.46,48.22800766,50.98680569,48.52418304
68,23.82063433,85.135164,68.76214982,30.1,31.34,27.77993859,33.10636128,28.86686806
69,37.26045324,58.02598603,20.56663921,25.37,25.95,24.47326367,26.65527473,24.81432785
70,79.27029675,38.12195505,3.790632798,39.5,40.04,39.28012804,40.05655513,39.15958613
71,73.81111502,32.84573117,73.84982712,48.72,50.22,46.84412555,51.23977221,47.5538312
72,95.0181664,59.17926042,50.49141853,56.5,57.82,55.01129414,58.65337704,55.4702875
73,25.62064622,46.59829875,55.28915566,25.16,26.16,23.49726969,27.31566432,24.2487554
74,38.37085797,48.59725216,59.91936086,31.84,32.98,30.08376216,34.15548269,30.84547578
75,18.93425945,84.91053251,0.087667862,16,16.23,15.3275629,17.02228017,15.61995982
76,2.845672914,60.71887666,13.78460862,9.03,9.34,8.194586403,10.16142255,8.611096936
77,76.23968546,59.03154842,34.18517881,45.26,46.25,44.12050265,46.94395492,44.46418865
78,90.78482906,47.26543771,21.52931944,48.54,49.4,47.83633556,49.71037124,47.91775701
79,1.671715034,94.24420283,90.93375269,24.83,26.28,21.84880821,28.59425275,23.3310298
80,16.0415417,90.13438183,4.670918197,15.96,16.25,15.12735261,17.17946643,15.50898782
81,19.86093342,63.93988749,15.54152758,17.24,17.66,16.36948261,18.45134513,16.74964172
82,71.44737558,27.52294682,90.81215232,50.13,51.85,47.88290706,53.07466157,48.78033226
83,3.275420074,22.19366387,43.743304,11,11.68,9.769898877,12.53438026,10.3715558
84,17.22772312,45.14612912,86.34514427,26.65,28.05,24.23396215,29.6903202,25.38235843
85,48.16179797,25.57645163,61.01959229,34.38,35.55,32.81023932,36.44341561,33.44351954
86,3.965474106,34.36971821,52.36295981,13.88,14.7,12.33964802,15.80857044,13.0937336
87,63.69554247,61.01773968,53.61404258,43.18,44.39,41.5317043,45.45805349,42.16687039
88,37.13081086,67.78536043,49.90573439,31.25,32.27,29.56905963,33.50627044,30.30102633
89,99.58871796,70.42012669,36.99330434,57.2,58.37,55.95536944,59.10044525,56.28429802
90,14.84652467,70.25550806,35.26138379,18.97,19.65,17.55822267,20.82757964,18.22068476
91,15.20606969,8.551927423,95.72601044,24.13,25.6,21.79378525,27.00305862,22.90210744
92,63.15217149,9.953602939,53.75395129,38.45,39.57,37.22112214,40.11041919,37.63733055
93,25.53291987,14.93531635,36.23006076,19.02,19.7,18.08284491,20.24282368,18.47058106
94,41.92515295,94.22343373,76.69380449,40.38,41.84,37.83483862,43.72089968,38.97965662
95,69.90988818,58.90848935,76.41855008,49.73,51.28,47.55777965,52.63347807,48.42802748
96,1.155107096,90.29905852,81.28947744,22.58,23.88,19.86314198,26.01797343,21.21599107
97,19.98312026,57.86569654,32.60979215,19.71,20.37,18.48234234,21.34410005,19.03778933
98,49.80861652,16.35105824,18.301458,26.9,27.46,26.44560536,27.62149871,26.52537822
99,73.83202289,42.03684342,30.94988668,42.12,43.02,41.19487405,43.50501164,41.43611099
100,37.07613258,18.31542931,29.89491452,23.39,24.04,22.60245017,24.46600346,22.88152209
101,85.62567704,60.50810828,54.23270671,53.06,54.39,51.44957675,55.34148782,51.99803899
102,10.05046631,66.48441972,90.4166982,26.03,27.48,23.319589,29.44736796,24.63943422
103,49.26352203,17.78683877,50.51990594,32.36,33.38,31.11747078,34.03176547,31.58768307
104,86.17857113,96.41451451,15.16431768,49.72,50.55,48.74895055,51.30421929,48.98874298
105,55.64548969,6.897756853,17.94157757,28.62,29.18,28.26139094,29.20947706,28.27119858
106,22.59653455,96.19823976,45.73180659,26.54,27.46,24.68196103,29.01753117,25.54932253
107,68.17154374,36.66222857,7.768471446,35.1,35.63,34.76282796,35.74892447,34.72953031
108,21.85136795,77.518841,22.91304362,20.61,21.17,19.45052379,22.19604193,19.96899655
109,50.09854615,21.06657664,52.80275638,33.42,34.48,32.09590954,35.19620754,32.60400071
110,62.56495677,23.51047725,24.51315331,34.32,35.05,33.68360092,35.30231804,33.81484671
111,8.310905914,78.93042418,39.68979958,17.57,18.31,15.97218918,19.67085326,16.75236924
112,2.667682501,83.59628525,1.470329915,8.85,9.01,8.110069623,9.893273586,8.481220347
113,87.37309044,58.52843667,96.05599944,60.91,62.84,58.31110226,64.37458247,59.33934567
114,93.72180873,86.96772454,20.77356207,53.23,54.17,52.22266087,54.86220155,52.45612562
115,26.22005986,37.64340819,88.05693306,30.31,31.76,27.93430354,33.30443287,29.03259392
116,38.09641306,91.70608192,44.09845334,32.8,33.77,31.05242642,35.16928423,31.81592798
117,42.64187161,59.8658788,51.39989159,33.28,34.33,31.63736798,35.47729461,32.32940469
118,67.74552218,71.58615366,5.883112922,37.67,38.23,37.08531725,38.68788999,37.1838959
119,0.100557925,85.68929646,14.04646758,10.06,10.39,8.997112736,11.49636985,9.537213699
120,63.12257235,2.250461443,20.23411731,31.95,32.58,31.59511234,32.5501571,31.58050526
121,97.87495893,63.97916863,79.16057713,63.16,64.92,60.95390753,66.20637216,61.76171188
122,24.92912256,24.14311948,93.186267,29.42,30.93,27.03752873,32.40634921,28.14309483
123,32.95662708,18.97211683,52.39233589,25.5,26.45,24.15489077,27.23492857,24.72074118
124,58.27466142,85.08059562,70.27545653,45.77,47.22,43.50212551,48.81841532,44.46250939
125,36.40801755,77.67419973,65.55409669,34.51,35.76,32.36773949,37.33872673,33.33137869
126,26.44546735,33.91945588,73.96969157,27.64,28.89,25.63794766,30.18459487,26.55206133
127,49.15141629,73.766685,76.80770359,41.82,43.29,39.46566098,44.92005926,40.49228356
128,60.35955539,19.29520851,70.87911714,40.99,42.36,39.26490165,43.26039766,39.93656422
129,1.407404477,19.83554899,1.057851198,2.57,2.62,2.378428955,2.837114146,2.471656206
130,14.3842455,21.64537937,61.68017765,19.03,20.02,17.39742671,21.07256848,18.16279088
131,53.048677,36.59174964,67.1527768,38.6,39.9,36.80464226,40.97583417,37.53824162
132,60.72095593,63.49945066,28.69258334,37.76,38.59,36.67748515,39.34152539,37.04053915
133,56.58653595,95.12141533,92.78429109,49.8,51.58,46.90122288,53.6205078,48.17930234
134,41.7721305,9.554844117,61.96899526,30.27,31.39,28.79470774,32.16660104,29.39605924
135,63.83872766,16.22719779,68.27735351,41.82,43.17,40.19684732,43.98260221,40.80971328
136,17.47344518,13.4792824,67.2067418,20.65,21.72,18.95742688,22.75022314,19.73972069
137,81.01189178,32.0121869,56.04690602,48.79,50.07,47.36352527,50.77989523,47.82842508
138,48.67469496,3.093229653,14.54060446,24.57,25.05,24.31378689,25.02174945,24.29585967
139,53.00846547,75.6300203,8.214097004,31.84,32.35,31.12615132,32.97325385,31.33170866
140,44.80508072,86.44085228,44.43502622,35.39,36.4,33.69943928,37.70892277,34.41586155
141,71.55310402,58.17631001,0.498304726,37.25,37.74,36.92248077,37.95514304,36.88275876
142,42.44394165,58.81447324,88.05771505,39.44,41.02,36.92805277,42.68982781,38.05083971
143,62.74349913,47.82364657,0.570170954,32.41,32.83,32.14113246,32.9883777,32.09395594
144,20.0775573,69.95300977,96.46992923,31.87,33.47,29.01066662,35.50434425,30.37542254
145,88.51412362,67.89081434,64.52998447,56.79,58.29,54.87480145,59.45619954,55.56545111
146,57.56157858,61.21265083,40.50027435,38.19,39.17,36.8329911,40.0841849,37.33924882
147,39.81188452,73.06986514,2.553114179,24.72,25.09,24.14028092,25.66908777,24.32281154
148,27.4888166,53.30025384,31.68972451,22.5,23.19,21.35664603,24.05669607,21.84983625
149,87.61198486,75.67374539,33.98934116,51.79,52.86,50.53972798,53.66421016,50.90612341
150,24.79176272,2.812735946,95.75075456,27.92,29.43,25.65077008,30.71898445,26.69420309
151,68.73906727,78.48577115,67.99219113,49.48,50.94,47.34195394,52.37505968,48.20267786
152,34.12409446,90.43966266,90.11601235,38.87,40.48,36.0228687,42.56301253,37.34292618
153,24.67170763,38.40920888,40.08864721,21.38,22.14,20.14926572,22.99676284,20.68880553
154,5.443267711,33.97525956,40.42379581,12.44,13.1,11.19339782,14.01763674,11.79805795
155,54.42644302,38.65730122,59.47708949,38.07,39.27,36.44575414,40.2488714,37.09162021
156,81.24245938,78.33294128,33.65867136,49.11,50.15,47.83759969,51.01551512,48.23834941
157,76.80795242,4.659417504,77.01977543,48.12,49.64,46.4089769,50.38757047,47.02067889
158,85.13468765,71.361238,51.79168736,53.38,54.69,51.73348395,55.71958135,52.30244103
159,56.86613682,16.6647342,21.82454369,30.7,31.34,30.17103466,31.52180082,30.26438944
160,85.81041817,47.63267785,63.24741801,53.56,55,51.84584563,55.95135017,52.44418697
161,1.931394287,60.67251062,53.03189442,15.41,16.27,13.62938456,17.67775085,14.51472459
162,88.42482949,46.13047889,3.881817288,44.32,44.93,44.0533479,44.97492883,43.9305171
163,74.77145272,64.13380206,23.51871612,43.21,44.04,42.27845672,44.64488914,42.52412931
164,98.49568123,73.83733743,93.95942367,66.88,68.86,64.22796414,70.46507345,65.25161293
165,42.33424847,98.93799659,1.6268356,27.98,28.38,27.20742177,29.21042422,27.48132531
166,90.47033081,63.0587013,38.53178334,52.74,53.87,51.49310576,54.59256013,51.84631308
167,89.3006339,3.954484849,13.17468619,42.59,43.27,42.45688741,43.00489271,42.25644493
168,42.08774688,72.15594666,5.131746596,26.11,26.52,25.47540112,27.1162639,25.67497938
169,64.84307889,20.29649494,77.57800827,44.24,45.73,42.36067079,46.72010665,43.09733621
170,65.50342473,35.53521554,34.18215041,38.37,39.27,37.40921443,39.77906625,37.69525322
171,66.62854045,14.62958336,79.17272551,44.82,46.33,42.94809359,47.27135883,43.67145083
172,46.03655138,65.69395831,89.58639551,41.92,43.55,39.32283924,45.29723406,40.47873349
173,10.85919009,96.01478702,50.00425843,22.01,22.93,20.02341656,24.61206444,20.98975878
174,69.8823235,79.72878586,96.66178683,55.06,56.94,52.22902648,58.80412362,53.4302149
175,39.19451225,95.31309595,19.57251073,29.36,30,28.17954062,31.06755344,28.66347941
176,26.75682108,27.62593746,16.98364955,17.36,17.79,16.78049313,18.1771638,16.99036817
177,45.50491218,34.77219744,93.06795548,39.55,41.18,37.12772757,42.65469566,38.192144
178,94.48242581,43.93638582,75.96135389,59.32,60.98,57.34660206,62.02778459,58.04320351
179,60.65147407,14.48397948,0.169332395,28.45,28.8,28.47180247,28.62037142,28.28310819
180,71.97349328,28.97702786,97.33171377,51.62,53.44,49.20773528,54.77344703,50.18658216
181,62.54451515,39.17701431,74.7737349,44.4,45.86,42.41968066,47.02314482,43.21514172
182,74.09201926,6.172367791,85.41413839,48.49,50.12,46.55934708,51.02086388,47.28852316
183,25.57418512,36.49302307,28.16811332,19.55,20.15,18.6251625,20.79928595,19.01126407
184,53.89552489,69.0802976,23.31305561,34.27,35,33.2515434,35.76244728,33.60376826
185,19.38707468,50.05940867,93.14096919,29.23,30.74,26.61162621,32.52320401,27.85298022
186,84.77196433,22.13931798,31.45665631,45.34,46.28,44.59980972,46.50094371,44.71440131
187,85.2108954,87.1901711,44.36966318,53.53,54.75,51.92839517,55.84512842,52.47815083
188,1.063264674,64.24360794,33.60650886,11.98,12.56,10.62925352,13.72346118,11.3035635
189,84.91726082,56.93094034,93.27189059,59.18,61.06,56.66338398,62.55294625,57.66193553
190,97.00529135,46.14766999,18.87415468,50.76,51.62,50.149728,51.84403763,50.16875587
191,83.65343432,34.92481704,50.0671776,49.19,50.41,47.89379603,51.04605431,48.28947154
192,2.545361081,49.12729333,4.703408969,6.3,6.46,5.778168903,7.027063748,6.037699505
193,67.08024759,35.97710035,83.83379846,47.71,49.33,45.55462644,50.56099051,46.42452121
194,5.89417445,95.59823857,29.98469279,16.29,16.89,14.77236283,18.30429627,15.52037831
195,36.23660498,2.471455093,21.82214106,20.21,20.72,19.75339991,20.86675926,19.87114105
196,22.17502296,45.71464085,52.42824685,23.04,23.98,21.44992528,25.10751522,22.1780685
197,74.83520485,85.44496209,43.76304967,48.63,49.78,47.03023758,50.90594404,47.60862402
198,58.78132498,1.600358123,66.30971225,37.92,39.19,36.45754999,39.85253518,37.00442146
199,74.0101761,28.9275517,7.864405075,37.04,37.6,36.78489643,37.60253952,36.69453069
200,11.36261357,4.315605131,59.7969526,15.82,16.74,14.37028034,17.59849435,15.05032958
201,26.7130699,35.57381441,74.0028942,27.91,29.17,25.89570022,30.47729808,26.81630825
202,14.87094392,6.960405619,52.78694539,16.41,17.25,15.11552206,18.01728928,15.70933701
203,27.00405419,18.8969332,44.42194123,21.45,22.26,20.28279362,22.95427392,20.77876252
204,76.10281301,70.15909681,45.01707437,48.06,49.22,46.56403275,50.18984142,47.08525479
205,26.04225164,70.5903389,15.11205353,20.52,20.98,19.61874283,21.79804805,19.99696137
206,84.72968745,22.60759268,9.095234214,41.49,42.11,41.28527614,42.01095179,41.1370353
207,2.244992438,38.15685003,76.10493209,17.56,18.71,15.40746821,20.21674059,16.46670456
208,67.88564583,20.83354932,59.48387042,42.52,43.77,41.07556764,44.47913221,41.58736666
209,21.67175971,91.37224059,47.94256194,26.08,27.02,24.20916282,28.56545398,25.08553529
210,98.00984201,53.22052648,94.94336033,65,66.97,62.50595218,68.37420344,63.45330699
211,34.65092496,27.72751697,50.55077008,26.71,27.66,25.34342199,28.5007935,25.91856734
212,11.752725,99.31640984,81.88514945,28.22,29.61,25.44154811,31.78519675,26.79644994
213,73.23021162,74.60000664,31.94569221,44.9,45.87,43.67876921,46.71018825,44.07646475
214,84.22018669,14.29676877,28.91171789,43.96,44.85,43.3445508,44.95160369,43.39705479
215,34.80472227,72.20591169,27.75206163,26.77,27.46,25.5743205,28.43394666,26.07273
216,82.92742893,55.10936559,79.83226322,55.81,57.48,53.61916997,58.76427396,54.45879911
217,87.07119266,61.96519928,40.94300263,51.54,52.68,50.23569594,53.44935092,50.62694156
218,48.9745748,73.48782264,59.15549588,38.66,39.88,36.73270143,41.24627637,37.5496128
219,47.7064101,91.06645975,95.79621234,45.99,47.75,43.03040859,49.84926949,44.3636667
220,8.898135624,2.227432979,39.01639164,10.93,11.54,9.997010556,12.08746446,10.43194763
221,73.44813349,96.8269224,83.77001202,55.94,57.68,53.280233,59.51302713,54.38831663
222,3.130678879,52.84675797,25.49012655,10.49,10.95,9.437477402,11.86273631,9.957180879
223,59.56134344,77.42254029,23.46743767,37.57,38.34,36.491307,39.16658353,36.85805455
224,32.3153994,70.14354595,66.51090358,32.18,33.41,30.06634475,34.94440126,31.02558853
225,51.3022495,40.55788058,60.78074684,37.07,38.28,35.38659414,39.30582259,36.06928825
226,60.4667,6.223384524,22.24695445,31.46,32.11,31.01821789,32.16819263,31.05592982
227,26.76214394,76.02354274,80.88882025,32.71,34.12,30.18156875,35.95646919,31.36015113
228,73.68498615,14.3417336,54.88165207,43.74,44.95,42.47916799,45.49083388,42.88380048
229,13.18072022,0.78727142,97.84333778,22.9,24.38,20.57671045,25.7444148,21.68471685
230,67.23315599,7.696279814,81.0412514,44.8,46.33,42.94370386,47.22243052,43.65641442
231,89.32201324,80.92160455,31.37846172,52.56,53.62,51.33993979,54.4291012,51.69113536
232,6.676660851,37.19429395,77.18649143,19.64,20.84,17.48546057,22.32086502,18.53476175
233,50.17592243,49.96483694,72.29440366,39.39,40.77,37.34887275,42.07391286,38.21381612
234,6.402175548,65.07072111,24.8814797,12.93,13.42,11.79697402,14.43186895,12.34912333
235,17.81842511,52.12693354,60.96386656,23.14,24.19,21.27533273,25.52792742,22.15087842
236,65.34611117,4.38061622,59.90748957,40,41.22,38.67933489,41.77494548,39.13497137
237,46.18909843,95.46810451,17.15708,32.09,32.73,30.97881482,33.72387137,31.40551627
238,83.66166442,42.10421662,79.68119187,54.96,56.61,52.88610734,57.75493712,53.66410542
239,47.72263994,65.19339643,68.38484998,38.96,40.3,36.88124258,41.71733369,37.77658774
240,56.27207968,57.74827132,57.21662806,40.2,41.41,38.46715448,42.53670087,39.1618306
241,74.95132964,7.751834509,71.44271678,46.59,48.03,44.98991417,48.7410682,45.55678148
242,61.31574912,60.48617701,50.28268213,41.5,42.64,39.92193974,43.66700168,40.52526168
243,27.51126124,47.28164286,38.67332872,23.19,23.96,21.92595125,24.87280459,22.47555449
244,87.57201356,24.58923468,30.58348629,46.66,47.61,45.92549702,47.82328015,46.02870982
245,3.343357495,90.79396965,29.94589778,14.72,15.3,13.23444376,16.6725275,13.97170836
246,29.70982492,58.80945874,29.37330178,23.58,24.25,22.45155574,25.13592084,22.93203784
247,26.86882659,59.47962638,31.67183718,22.77,23.46,21.56961658,24.39688743,22.0921629
248,8.857231843,23.13588944,60.79756313,16.54,17.49,14.89854274,18.57174634,15.68309043
249,17.50766386,20.98378516,61.9259876,20.41,21.42,18.78635105,22.45288201,19.53866456
250,69.43662127,73.31950015,9.233675455,39.16,39.78,38.48428381,40.29555937,38.62306319
251,18.20510449,61.73291244,12.07450326,15.7,16.06,14.93111813,16.78831334,15.26748107
252,75.01586431,14.14849705,37.74986472,41.36,42.32,40.50895941,42.60523374,40.70411086
253,43.28927069,10.56235582,46.10116149,28.29,29.2,27.19279578,29.74039815,27.60410945
254,68.64221562,57.44582794,21.71994161,39.56,40.33,38.71750219,40.86749099,38.93832174
255,46.08077533,82.23328122,32.02697721,33.44,34.27,32.08718983,35.3495636,32.63283104
256,13.65958396,47.71616871,30.61471328,15.63,16.22,14.52766348,17.09217846,15.04163466
257,22.26449933,52.61874988,6.977418112,15.83,16.13,15.26826793,16.65813231,15.48743671
258,62.1179898,81.94927422,8.500472177,36.52,37.1,35.77301262,37.74113176,35.97140961
259,29.7469822,44.46982336,57.86168666,27.26,28.32,25.56680708,29.46726631,26.3222195
260,84.0901444,87.27154261,3.107951931,45.89,46.52,45.28057925,47.0150043,45.34630075
261,92.49343472,98.43082076,92.04930426,66.04,68,63.21119092,69.86632027,64.34467632
262,13.84293975,24.63053421,57.35133523,18.3,19.23,16.747593,20.2558479,17.47694291
263,60.66546142,57.92970897,35.87166434,38.48,39.41,37.27678698,40.2073862,37.7008566
264,99.83520061,38.97647967,37.58123852,54.63,55.77,53.63727022,56.16885263,53.83488672
265,12.66326334,32.75028227,72.85390878,21.18,22.34,19.17739845,23.67665229,20.13088365
266,80.77715,3.024966246,93.81132312,52.65,54.44,50.56671527,55.39150884,51.35369842
267,48.90684292,81.61048351,93.06980751,45.22,46.94,42.4072956,48.88487466,43.66193691
268,26.03395442,77.39807323,10.49668964,20.32,20.72,19.47194943,21.54609432,19.8252113
269,47.42839974,40.83807894,16.3875408,27.68,28.23,27.04930983,28.63146197,27.22324563
270,37.20202425,98.58469572,28.62085684,30.33,31.08,28.89362362,32.3333674,29.50743587
271,5.727174599,56.63089924,81.71128689,21.72,23,19.28833722,24.76410775,20.48008586
272,74.67509941,17.165564,30.1851602,40.16,41.02,39.46959547,41.22761603,39.5896772
273,76.40682715,57.78420691,22.3818372,43.18,44,42.3365684,44.50846139,42.53420326
274,65.07551786,73.31356611,98.77569017,52.71,54.58,49.86805742,56.4362454,51.08642445
275,60.84374874,34.71759057,87.47135836,45.44,47.07,43.19017819,48.37968652,44.12380152
276,79.9583856,15.42287783,84.0873437,51.7,53.36,49.74126115,54.30673142,50.4705282
277,26.938522,8.610556019,40.65753825,19.85,20.59,18.86894164,21.1303964,19.27566561
278,74.93655917,58.02361867,79.58629972,52.45,54.08,50.22063221,55.43308144,51.10352087
279,74.94719352,40.13559765,5.342564918,38.02,38.56,37.72762885,38.6387461,37.65237067
280,39.99056972,81.87662014,76.50610481,38.39,39.82,35.94829562,41.57653598,37.04509523
281,54.98423744,55.24140217,72.50901985,42.05,43.46,39.96645562,44.79849142,40.83684421
282,1.512694755,55.85137669,43.18920639,13.1,13.81,11.58808333,15.01712542,12.33746551
283,17.44444196,62.04452966,4.708298645,14.11,14.37,13.51589382,14.99103124,13.76948876
284,32.29903749,18.19124802,4.959098925,16.92,17.19,16.72657063,17.27834897,16.72953215
285,52.69414918,77.99131118,50.30950932,39.19,40.31,37.44809012,41.57543293,38.16423368
286,93.58437548,26.51813501,5.624591652,45.2,45.83,45.06471474,45.66361017,44.85533409
287,10.41288625,23.65382793,35.89360632,12.97,13.57,11.92793197,14.28780175,12.41303707
288,9.224209492,81.79920423,82.83289575,25.71,27.06,23.04321443,29.08486139,24.34347469
289,32.80692957,3.964897129,62.92445732,25.92,27.01,24.45624597,27.78750384,25.08205665
290,98.63801638,69.03989774,52.19396437,59.29,60.67,57.68285052,61.60775627,58.18991049
291,97.14158745,3.148262971,22.19708217,47.59,48.44,47.26483165,48.25420802,47.13498708
292,26.74906198,64.4871287,37.74031452,24.21,24.99,22.82102717,26.07279998,23.43786285
293,37.99174444,27.6381111,22.5899339,23.36,23.93,22.67172331,24.33668376,22.90106763
294,52.22884587,46.23272247,90.64953052,43.16,44.8,40.70963664,46.32574552,41.76726104
295,93.83404155,30.44334329,54.67408246,54.15,55.48,52.80207326,56.08034725,53.19017182
296,42.82121318,90.55262851,49.04282885,35.67,36.73,33.82277769,38.16582847,34.62007017
297,53.94175646,1.484918129,53.27351156,33.49,34.55,32.32791231,35.0421448,32.74002108
298,87.18107764,37.90035427,8.390080719,43.82,44.47,43.50703387,44.50220824,43.40692346
299,36.21962452,78.14456574,60.44272755,33.59,34.76,31.55877241,36.268978,32.4646676
300,75.2756665,71.04875848,56.2311827,49.71,51.02,47.9345753,52.17509708,48.59606614
301,30.75178273,91.05934722,54.80078403,31.31,32.39,29.29148082,33.98133701,30.20976477
302,25.3766092,2.860798826,28.1215864,16.48,17.02,15.83754758,17.32087549,16.07712283
303,89.9255546,58.82093362,90.52982272,61.12,62.99,58.65919358,64.42916661,59.61252497
304,98.73897929,60.68974286,27.47871492,54.31,55.33,53.37612863,55.8198365,53.55336446
305,15.94542249,98.5158965,55.87094387,25.53,26.56,23.38634548,28.32398418,24.41184961
306,2.203699504,86.28855872,65.09761512,19.89,20.96,17.60051013,22.81231358,18.73953901
307,95.51440163,44.7107183,5.741800554,47.69,48.36,47.406573,48.37929553,47.26991061
308,26.80698263,56.71603193,43.37726678,24.52,25.37,23.06531137,26.45652916,23.71480001
309,48.95729232,89.2350818,31.36268908,35.23,36.08,33.84272905,37.20585451,34.39901586
310,93.75180504,18.28089077,1.893545524,43.9,44.46,43.92464946,44.15665348,43.63438827
311,12.8065902,96.0713021,84.83567799,28.92,30.34,26.09573958,32.5265727,27.46703775
312,97.93206241,15.46555122,4.887370416,46.04,46.66,46.02626667,46.34845624,45.74170199
313,3.121720254,66.34710699,16.26845326,10.08,10.43,9.139461847,11.35250238,9.60882486
314,16.70399252,46.44711588,92.7412089,27.64,29.13,25.05579934,30.87915231,26.28788052
315,1.04418234,0.904055219,3.022832051,1.07,1.12,0.992694584,1.168717662,1.028099248
316,48.6000591,82.88776225,55.85514198,38.75,39.94,36.82461834,41.3567695,37.64500804
317,12.06853387,61.09551087,48.51834702,19.21,20.06,17.55122783,21.34278841,18.3424744
318,25.00725922,45.18778909,42.61914559,22.57,23.38,21.21993558,24.33951664,21.81765292
319,93.73469809,32.05031829,53.17130024,53.99,55.3,52.66200301,55.89379996,53.03971909
320,30.42628572,55.9292367,0.006415462,18.57,18.81,18.16620934,19.2332781,18.28302971
321,9.69922049,2.216568775,34.36006247,10.48,11.03,9.662521648,11.50389241,10.0388653
322,57.81806791,36.49450119,72.08733954,41.58,42.98,39.67812695,44.09650903,40.44982448
323,60.7148906,33.95303611,30.35812443,35.43,36.24,34.55822898,36.70540148,34.81208253
324,19.99515458,49.98081974,72.28919088,25.88,27.1,23.77093565,28.5741817,24.76224148
325,34.37859018,79.31412479,79.09619599,36.1,37.53,33.60440888,39.33197307,34.74421921
326,48.33646906,98.771531,73.0377394,43.01,44.47,40.53838509,46.3072239,41.63287772
327,91.23347232,34.84458877,61.27366996,54.52,55.94,52.96800076,56.6929327,53.46442386
328,81.66240302,5.15111112,96.67799722,53.73,55.57,51.56244267,56.58042482,52.38897923
329,73.27404297,88.49769249,3.664807091,41.26,41.84,40.59551111,42.41257198,40.71846772
330,76.32710875,32.07432225,40.02255267,43.92,44.96,42.8723515,45.4528324,43.16719664
331,17.17376548,82.87199731,17.57290601,18.06,18.53,16.97854576,19.56278983,17.47667034
332,71.53180167,74.79273507,61.7362045,49.32,50.7,47.37037858,51.98904489,48.12913748
333,26.37350797,65.78389793,8.298264351,19.06,19.42,18.36748584,20.08635784,18.64257291
334,80.28185531,20.48787111,69.58470449,49.78,51.24,48.13054075,52.03027034,48.70865982
335,86.72516621,12.15364242,84.02238674,54.43,56.12,52.51432229,56.99186773,53.20021971
336,8.102327771,92.18600637,6.12489793,12.84,13.11,11.93639183,14.12814638,12.3774547
337,14.59530096,33.4514033,18.57948743,12.71,13.1,12.01308854,13.6451466,12.31822228
338,5.466082552,94.50191571,26.16801423,15.34,15.88,13.92313768,17.2314407,14.62292036
339,60.4659722,3.168297699,53.51347779,36.6,37.7,35.43367938,38.17821356,35.82866611
340,28.20675664,56.76713251,9.922775556,19.36,19.74,18.71274004,20.32828645,18.96005017
341,2.185421111,18.99944048,72.39647426,15.19,16.27,13.29463446,17.51513816,14.22654271
342,8.152058022,77.08498545,62.36180644,21.26,22.32,19.13230619,23.99520398,20.17383091
343,51.77060482,98.38578755,36.74628837,38.24,39.19,36.64326574,40.4718585,37.29152911
344,35.63119213,37.77478221,90.27572821,34.91,36.45,32.50963508,37.97568097,33.59539807
345,41.65362334,85.37375666,30.01614672,31.39,32.17,30.04703269,33.27861841,30.6010818
346,15.27080277,95.687887,93.30128427,31.45,33.01,28.43551785,35.30079524,29.89516994
347,82.86679313,39.47254175,93.69021817,56.79,58.64,54.40592209,59.96538993,55.34181208
348,99.63563422,47.89633385,68.85252942,60.74,62.34,58.92241091,63.29458611,59.53046084
349,10.26680379,59.17238214,54.55778115,19.28,20.2,17.48688677,21.56381525,18.34886849
350,40.10423161,24.32267612,29.47743479,25.2,25.88,24.38337361,26.3399969,24.67104082
351,14.68099819,32.16065064,99.09183343,26.57,28.11,23.94878147,29.82134774,25.20224774
352,78.10652407,3.485696344,35.00747578,41.32,42.25,40.63729464,42.36182743,40.74045852
353,99.09230501,59.06542756,73.80634341,62.35,64.03,60.3102659,65.17516173,61.02806107
354,44.00649581,53.08978278,5.398391816,25.33,25.72,24.85241693,26.111938,24.96390047
355,54.90504822,11.62991296,90.21447145,41.22,42.82,39.07935232,43.95675246,39.96957722
356,28.70175706,86.12271242,51.39855547,29.36,30.38,27.46695249,31.8806886,28.3319439
357,12.07359931,60.89969743,25.70586617,15.24,15.77,14.13761201,16.71608389,14.65758278
358,24.56075472,60.60084554,28.48661968,21.29,21.92,20.14618463,22.8335797,20.64553306
359,6.533562602,16.72860968,54.04097778,13.76,14.59,12.33322639,15.52311595,13.0194482
360,40.32663209,10.58593551,1.283171098,19.21,19.46,19.18161549,19.36201231,19.07420083
361,63.5484101,98.93245262,62.3329388,47.98,49.37,45.79961225,50.96499869,46.70423547
362,35.17384212,83.33879728,50.28502624,31.82,32.85,29.98998139,34.27092144,30.80252643
363,6.019449956,41.03871614,43.80051731,13.91,14.63,12.52125907,15.66764347,13.19436318
364,53.74171834,69.79860079,3.728224034,30.87,31.32,30.32069704,31.8087121,30.44455911
365,16.2006601,82.70797327,9.473640635,16.21,16.56,15.32041075,17.47455295,15.72589153
366,88.41905845,18.9821176,78.97876878,54.92,56.55,53.07117856,57.41688304,53.72000732
367,86.40828282,4.144294164,93.52803852,55.22,57.03,53.14754552,57.96566842,53.91248139
368,56.39126536,79.47833776,75.8238619,45.39,46.9,43.03339139,48.53388159,44.04297298
369,39.958297,83.74048099,66.90600617,36.87,38.17,34.65204791,39.80973996,35.64332678
370,47.03590837,55.07055323,97.25582344,42.76,44.48,40.06533418,46.22603781,41.26158113
371,91.87084297,0.997335231,68.19711907,53.01,54.48,51.57770307,54.974683,52.00578189
372,82.90012656,91.31663395,54.87391388,54.68,56.05,52.7847063,57.34866684,53.48665641
373,86.9658896,93.36776775,3.547527641,47.79,48.45,47.12782456,49.00296063,47.21332639
374,71.90897556,58.4784365,97.33777356,54.2,56.07,51.54078753,57.71122311,52.64874766
375,31.86802585,47.95960397,11.02601842,20.41,20.82,19.81947839,21.30362363,20.02609303
376,21.94979945,17.45498225,75.66475892,24.46,25.69,22.55023026,26.86113959,23.43139122
377,36.8403709,43.66666712,58.69884992,30.51,31.62,28.81864752,32.72865787,29.55078014
378,26.25230437,80.33126439,10.03811881,20.59,21,19.73659644,21.84594798,20.09631181
379,92.05846081,20.05560251,96.14294942,59.61,61.52,57.35281461,62.62078554,58.19454206
380,11.55782104,45.4740105,35.58498363,15.36,16,14.14344277,16.93090253,14.71533971
381,34.48764954,64.2320798,84.56423974,35.76,37.25,33.26138529,38.96957004,34.39972067
382,75.1311064,55.68518674,19.48815356,41.92,42.69,41.16331327,43.14215287,41.32282771
383,2.469746722,54.34460684,55.73630298,15.56,16.45,13.76822573,17.8289265,14.65574688
384,51.14403141,35.99521413,61.21617064,36.67,37.87,35.01513384,38.86439891,35.68373582
385,73.18104417,31.10451906,28.85595879,40.5,41.35,39.71491441,41.69184792,39.88633834
386,1.346729812,11.54026312,4.600951239,2.42,2.51,2.21531194,2.692038504,2.31458186
387,57.84164385,22.90797678,80.24648216,41.8,43.3,39.81745051,44.38993381,40.62645682
388,13.11996812,85.41749537,85.52773416,28.24,29.66,25.48719267,31.73568652,26.81887887
389,11.58923523,2.478926303,28.29920796,10.3,10.78,9.630468032,11.15109176,9.928203887
390,45.3782693,90.86396503,11.91640319,30.41,30.96,29.46439469,31.83949419,29.8122755
391,49.19931251,33.84930375,34.49409183,30.98,31.79,29.98549538,32.37957045,30.33613142
392,13.63634658,14.32547963,13.3034826,9.67,9.96,9.264494605,10.22767764,9.42762265
393,81.28114671,73.78452476,33.45122421,48.69,49.72,47.46004784,50.53370958,47.83832321
394,52.32643413,75.13103785,31.06330428,35.44,36.28,34.18506308,37.23472334,34.66213298
395,23.35512557,22.68131841,20.75756548,16.05,16.51,15.41681587,16.92103993,15.66408236
396,55.21717919,11.83997726,69.49595914,37.79,39.1,36.14847933,39.93128929,36.79273463
397,98.84082202,17.45603026,50.19278564,54.46,55.74,53.34724762,56.10904608,53.60457875
398,79.1381408,66.51168026,60.94556709,51.85,53.25,50.01187067,54.3993269,50.69326726
399,30.66136693,83.90153204,39.34585229,27.96,28.81,26.37434653,30.09871969,27.07857601
400,51.9012206,40.14485204,83.79753844,41.28,42.82,39.05369166,44.18280308,40.00489689
401,87.33572995,61.92663144,10.43375884,46.37,47.08,45.80419272,47.39937809,45.83253168
402,39.51419322,57.65678179,90.4083872,38.43,40.03,35.86766105,41.73789747,37.02552329
403,9.964416269,79.38652884,31.62796535,16.96,17.58,15.55099013,18.82743563,16.23068031
404,15.532986,33.53291359,95.57055943,26.46,27.96,23.91707508,29.62891313,25.13122605
405,36.8436784,37.8161808,52.98289338,29.01,30.02,27.49991691,30.98714489,28.13874666
406,32.06098131,12.62202226,78.91189558,29.12,30.44,27.19646641,31.5543043,28.05268933
407,25.14266248,75.84516876,65.87651952,29.37,30.56,27.20108354,32.18087008,28.20772431
408,51.95461928,67.88542569,44.17638159,36.9,37.92,35.39238916,38.98960577,35.99482052
409,85.16737821,42.85552979,95.23639472,58.39,60.28,55.94218393,61.64693082,56.90153586
410,18.61428504,37.35644398,37.95627393,18.21,18.91,17.02191738,19.75052215,17.55694655
411,17.63968877,32.65028745,87.73216147,25.97,27.37,23.62592567,28.8987944,24.73449439
412,15.26352584,80.75473825,4.534255899,14.76,15.03,14.00624125,15.86101671,14.34857241
413,91.60967597,86.97410827,45.95847814,56.65,57.93,55.02675188,59.00669725,55.56760785
414,89.51567931,69.45773293,0.586570683,46.31,46.9,45.91998647,47.14187313,45.85535128
415,70.6388219,94.35687605,51.52026878,48.88,50.14,47.01176472,51.49200188,47.73856701
416,39.87834032,69.86420853,14.55617086,26.55,27.08,25.70267896,27.80182065,26.01321301
417,39.04768748,22.59883133,55.32176693,29.05,30.09,27.62218384,30.91598964,28.21308681
418,37.43167189,13.66183972,32.83354377,23.64,24.34,22.82795934,24.75102685,23.12006224
419,32.1148576,83.26090695,80.57243377,35.69,37.14,33.12186669,39.01437012,34.3058798
420,39.79231457,18.1120259,14.97963017,22,22.46,21.58505315,22.64689433,21.67507251
421,95.59176194,37.94736369,42.72749382,53.53,54.72,52.41281947,55.20706491,52.68470886
422,50.45025609,30.80238311,61.17731396,35.89,37.09,34.28159652,38.02424134,34.92997618
423,70.18354121,11.26886341,53.05274334,41.59,42.74,40.38531395,43.24617734,40.76951437
424,81.86420158,87.3509703,48.50875058,52.76,54.03,51.05250998,55.20057539,51.66604
425,71.74227457,28.88280731,26.23864438,39.2,40.01,38.49967635,40.29611339,38.63640279
426,2.443232806,27.23306788,5.515417922,4.46,4.59,4.100924738,4.944692224,4.274941216
427,13.25433434,93.99961813,15.57695798,16.95,17.38,15.8082918,18.52481122,16.34773834
428,33.11998504,50.36083374,56.29588889,29.02,30.08,27.32244299,31.25183733,28.07088818
429,41.61552179,73.42475653,63.86071327,36.18,37.42,34.1181059,38.8988231,35.021323
430,78.01926662,95.14128058,48.12314487,51.66,52.92,49.88869013,54.18583296,50.54775076
431,17.95445804,29.08837209,95.24383293,27.1,28.6,24.60208194,30.19930164,25.78282239
432,73.55965131,15.07206778,36.19036817,40.52,41.45,39.69527824,41.73158615,39.88207261
433,11.68509659,91.87366762,2.556286613,13.8,14.04,12.99138943,14.97833205,13.37379007
434,62.10589462,35.07330352,66.65521523,42.43,43.78,40.6838256,44.77409229,41.36698053
435,73.52818658,53.69645187,44.12730145,45.29,46.4,43.95547241,47.20360907,44.40506859
436,76.50731471,38.35985407,22.0208121,41.44,42.23,40.77331879,42.52797565,40.8814679
437,28.54987842,8.862529905,25.82617609,18.03,18.57,17.40343477,18.87981317,17.62871407
438,71.91980968,70.54044742,94.87904692,54.85,56.7,52.14458175,58.43172548,53.27600259
439,36.75355366,43.98312673,5.882747797,21.36,21.71,20.93262446,22.05007965,21.04046441
440,68.83856382,9.850216587,47.5463819,39.91,40.97,38.84593219,41.38938434,39.16430345
441,53.69304013,36.79320943,8.652257151,28.78,29.25,28.39110783,29.46422074,28.4294731
442,51.21705872,19.13813588,70.8081153,36.87,38.19,35.12850415,39.14069498,35.83691539
443,15.26903503,41.83825024,15.82076044,13.27,13.65,12.57626301,14.23213935,12.88248441
444,38.35598323,63.0560122,33.99437501,28.63,29.42,27.37014722,30.36401632,27.88774157
445,96.77328689,2.376362006,67.7586802,55.25,56.74,53.82835285,57.21764495,54.23672962
446,52.42745164,48.81907541,29.97993424,32.97,33.76,31.9631287,34.41619791,32.3120847
447,58.78083422,77.30126346,48.91305217,41.61,42.75,39.92314029,43.94657556,40.59423697
448,26.15116558,23.23149673,91.95785874,29.68,31.17,27.33127229,32.61315091,28.41318252
449,38.87883748,16.505403,12.26557926,20.98,21.39,20.64095675,21.52841212,20.69561761
450,69.18425064,60.40202305,79.40077716,50.05,51.65,47.79535302,53.06157895,48.71050675
451,99.95057322,8.827379881,20.54743478,49.07,49.91,48.7372572,49.74824529,48.60088793
452,14.96889554,75.60563837,93.39118421,29.56,31.09,26.70578478,33.16529241,28.080109
453,49.90985626,3.080022894,98.8216623,39.71,41.4,37.43060787,42.60201051,38.40644837
454,57.66677763,42.39889784,54.64967829,39.02,40.17,37.48352488,41.09903138,38.07493671
455,94.83528337,89.10664867,29.09744105,55.36,56.42,54.13549057,57.25712327,54.47229412
456,59.98689209,84.7378382,48.12545318,42.67,43.81,40.94355176,45.07443383,41.63272369
457,6.397597748,18.26710438,32.61673183,10.13,10.65,9.201885434,11.28814955,9.641446973
458,16.20221122,57.88077577,46.2740449,20.38,21.22,18.8191745,22.41523946,19.55248094
459,91.2071452,51.51818246,25.14285876,49.73,50.66,48.90531157,51.05687473,49.04635969
460,51.66142269,55.38101196,34.48540845,33.99,34.84,32.81522618,35.64346875,33.24943564
461,50.88233447,75.51061278,66.78361723,41.01,42.36,38.88988465,43.84424089,39.79805564
462,60.8107829,75.69653962,43.0185731,41.36,42.42,39.82940811,43.50231111,40.41513355
463,78.16827937,66.91187788,43.29377466,48.4,49.54,46.97653967,50.43915636,47.45451406
464,5.751734274,25.58564437,37.50440106,11.33,11.94,10.22556788,12.72244702,10.75771254
465,10.33573239,26.78744339,33.75569773,12.84,13.42,11.82536495,14.13630645,12.29913008
466,16.94234724,57.6117184,69.05640268,24.63,25.8,22.52636293,27.32246903,23.52543914
467,20.99243912,69.53937742,34.93370896,21.6,22.31,20.21713585,23.43854331,20.84685768
468,84.65637476,34.41045482,8.091296977,42.33,42.95,42.04730896,42.96170694,41.93899378
469,57.53807242,50.6407653,40.26028526,37.2,38.16,35.94051318,38.96251942,36.39787923
470,53.76292716,70.65601109,78.54081993,43.91,45.43,41.5497535,47.02035391,42.56403463
471,68.58631582,92.75522644,79.10793126,52.59,54.24,50.07211309,55.9870114,51.12751816
472,33.17315879,98.38730204,77.95602891,37.05,38.49,34.4186793,40.47958488,35.63327461
473,44.84732023,45.73969711,14.05404317,26.55,27.06,25.93256856,27.49812173,26.11104616
474,32.27839048,83.89985692,19.51054242,25.25,25.83,24.14524495,26.81412193,24.6075863
475,55.84401106,40.35166511,41.69349105,35.78,36.74,34.56847063,37.4600868,35.00500593
476,50.95139039,90.93459032,65.65948133,42.21,43.56,39.98787362,45.19837916,40.94975538
477,79.63432479,51.64136651,75.22345181,53.23,54.81,51.17307745,56.01141129,51.95672696
478,89.34914605,11.65837406,70.58366851,53.23,54.74,51.65216709,55.40051957,52.16562596
479,14.04562693,43.80035561,13.79339879,12.55,12.89,11.88070606,13.47248704,12.17658317
480,30.31381143,9.373528091,74.07094364,27.22,28.45,25.42886297,29.46811976,26.2208406
481,6.776352692,66.14033999,59.79037629,19.24,20.23,17.25413104,21.76014142,18.2231632
482,91.34698373,64.31393411,6.623260747,47.72,48.4,47.23198243,48.66371918,47.20878187
483,85.31155626,73.95023191,67.36626588,56.38,57.92,54.34167681,59.20579797,55.10580207
484,65.52821654,21.29998857,42.64812989,38.59,39.59,37.54289977,40.06982561,37.8670477
485,84.74513362,78.51582388,1.526260842,45.14,45.73,44.63873571,46.10830376,44.64474898
486,81.36564968,69.01643393,11.64806001,44.54,45.24,43.86666394,45.68687772,43.9653369
487,0.98693925,83.84290554,5.396279111,8.8,9,7.958802093,9.959485528,8.384600763
488,71.97673132,40.46034464,0.955359405,35.96,36.42,35.76328107,36.45621927,35.64987427
489,77.64270809,71.77065839,0.286132121,41.15,41.68,40.71862943,42.00271093,40.71023609
490,94.02492882,66.48378943,57.97304702,58,59.43,56.26420248,60.45499323,56.84791871
491,31.08249353,27.25169342,42.05840428,23.6,24.41,22.43409298,25.14086283,22.92143962
492,61.6052991,45.53673004,12.23641182,33.72,34.29,33.18488096,34.60654653,33.27076917
493,60.48125844,86.93902344,11.56903643,36.76,37.38,35.89337337,38.13056328,36.15677471
494,55.06318375,76.43396314,5.973574333,32.44,32.94,31.78096899,33.52046868,31.95487595
495,72.22888607,15.12281834,33.51611739,39.46,40.35,38.70202419,40.60108195,38.86291315
496,57.26098244,54.85939404,16.48304926,33.33,33.96,32.60947134,34.45840214,32.80457616
497,76.09904837,21.5559233,32.61329511,41.61,42.52,40.82353823,42.79648443,40.9856031
498,89.97121917,56.90378842,28.38826126,50.21,51.19,49.26403684,51.70111309,49.47223528
499,30.52460998,27.81837166,68.47314015,27.97,29.16,26.16559608,30.28540216,26.97084982
500,65.09429913,42.96264483,82.93544357,47.29,48.89,45.08633547,50.19330434,45.9843876
0,44.75,8.85,17.31,70.9,73.03,67.46948696,74.9882904,67.52783375
